{
  "slides/chapter_1_7cd445d00011c3bbcbfdf671e32f0caa.md": [
    {
      "timing": 0,
      "state": {
        "indexh": 0,
        "indexf": -1
      }
    },
    {
      "timing": 0.032509341422431795,
      "state": {
        "indexh": 0,
        "indexf": 0
      }
    },
    {
      "timing": 0.044067425062300075,
      "state": {
        "indexh": 1,
        "indexf": -1
      }
    },
    {
      "timing": 0.10966542514149337,
      "state": {
        "indexh": 2,
        "indexf": -1
      }
    }
  ]
}