{
  "slides/chapter_1_7cd445d00011c3bbcbfdf671e32f0caa.md": [
    {
      "timing": 0,
      "state": {
        "indexh": 0,
        "indexf": -1
      }
    },
    {
      "timing": 0.4558316865853481,
      "state": {
        "indexh": 1,
        "indexf": -1
      }
    },
    {
      "timing": 0.4558316865853481,
      "state": {
        "indexh": 0,
        "indexf": 0
      }
    },
    {
      "timing": 0.6981464809326018,
      "state": {
        "indexh": 2,
        "indexf": -1
      }
    }
  ]
}